cell,seconds,status
dreieich_75km_gravel_N,4.324,PASS
dreieich_100km_fastbike_W,30.182,PASS
urban_berlin_80km_fastbike_N,22.244,PASS
rural_lozere_80km_gravel_E,0.919,PASS
rural_lozere_50km_fastbike_S,0.453,PASS
mallorca_100km_fastbike_E,1.089,PASS
basel_80km_gravel_W,1.937,PASS
basel_30km_fastbike_S,0.661,PASS
grenoble_30km_fastbike_S,1.601,PASS
grenoble_75km_fastbike_N,25.123,PASS
garmisch_30km_fastbike_N,12.212,PASS
girona_75km_gravel_W,5.406,PASS
crete_senesi_100km_gravel_W,2.545,PASS
crete_senesi_75km_fastbike_S,1.684,PASS
dreieich_30km_gravel_E,0.541,PASS
dreieich_30km_fastbike_E,1.146,PASS
mallorca_30km_gravel_N,0.398,PASS
mallorca_30km_fastbike_N,0.845,PASS
basel_30km_gravel_N,1.093,PASS
basel_30km_fastbike_N,2.437,PASS
urban_berlin_50km_fastbike_E,7.903,PASS
freiburg_30km_fastbike_W,3.912,PASS
grenoble_80km_fastbike_E,3.733,PASS
